{"cameraMode":{"drawMode":0,"name":"Shaded","section":"Shading Mode"},"sceneLighting":false,"audioPlay":false,"sceneViewState":{"m_AlwaysRefresh":false,"showFog":true,"showSkybox":false,"showFlares":true,"showImageEffects":true,"showParticleSystems":true,"showVisualEffectGraphs":true,"m_FxEnabled":true},"in2DMode":false,"pivot":{"x":-0.14563116431236268,"y":2.669670820236206,"z":-1.9989680051803589},"rotation":{"x":-0.45841899514198305,"y":0.11874225735664368,"z":-0.06212471053004265,"w":-0.878661036491394},"size":0.8660253882408142,"orthographic":false}