{"cameraMode":{"drawMode":0,"name":"Shaded","section":"Shading Mode"},"sceneLighting":false,"audioPlay":false,"sceneViewState":{"m_AlwaysRefresh":false,"showFog":true,"showSkybox":false,"showFlares":true,"showImageEffects":true,"showParticleSystems":true,"showVisualEffectGraphs":true,"m_FxEnabled":true},"in2DMode":false,"pivot":{"x":0.4293615221977234,"y":10.544214248657227,"z":-1.6217758655548096},"rotation":{"x":-0.5462253093719482,"y":-0.03572652488946915,"z":0.023183094337582589,"w":-0.8366307616233826},"size":3.278719186782837,"orthographic":false}