{"cameraMode":{"drawMode":0,"name":"Shaded","section":"Shading Mode"},"sceneLighting":false,"audioPlay":false,"sceneViewState":{"m_AlwaysRefresh":false,"showFog":true,"showSkybox":false,"showFlares":true,"showImageEffects":true,"showParticleSystems":true,"showVisualEffectGraphs":true,"m_FxEnabled":true},"in2DMode":false,"pivot":{"x":0.27883800864219668,"y":4.578088283538818,"z":-2.3510804176330568},"rotation":{"x":0.007230638992041349,"y":-0.9593887329101563,"z":0.2810794711112976,"w":0.024762747809290887},"size":3.9071249961853029,"orthographic":false}