{"cameraMode":{"drawMode":0,"name":"Shaded","section":"Shading Mode"},"sceneLighting":false,"audioPlay":false,"sceneViewState":{"m_AlwaysRefresh":false,"showFog":true,"showSkybox":false,"showFlares":true,"showImageEffects":true,"showParticleSystems":true,"showVisualEffectGraphs":true,"m_FxEnabled":true},"in2DMode":false,"pivot":{"x":0.04455588757991791,"y":0.7544906735420227,"z":-0.13416188955307008},"rotation":{"x":-0.11575911939144135,"y":0.17574192583560944,"z":-0.020907897502183915,"w":-0.9774556159973145},"size":1.7320507764816285,"orthographic":false}