{"cameraMode":{"drawMode":0,"name":"Shaded","section":"Shading Mode"},"sceneLighting":false,"audioPlay":false,"sceneViewState":{"m_AlwaysRefresh":false,"showFog":true,"showSkybox":false,"showFlares":true,"showImageEffects":true,"showParticleSystems":true,"showVisualEffectGraphs":true,"m_FxEnabled":true},"in2DMode":false,"pivot":{"x":1.8077852725982667,"y":4.4961066246032719,"z":-0.08688925951719284},"rotation":{"x":0.23652812838554383,"y":-0.6630906462669373,"z":0.23376889526844026,"w":0.6706582307815552},"size":1.8708287477493287,"orthographic":false}