{"cameraMode":{"drawMode":0,"name":"Shaded","section":"Shading Mode"},"sceneLighting":false,"audioPlay":false,"sceneViewState":{"showFog":true,"showMaterialUpdate":false,"showSkybox":false,"showFlares":true,"showImageEffects":true,"showParticleSystems":true},"in2DMode":false,"pivot":{"x":-0.9603695869445801,"y":-0.43482303619384768,"z":0.12799197435379029},"rotation":{"x":0.6822280883789063,"y":0.02849927358329296,"z":-0.02661014162003994,"w":0.7301229238510132},"size":6.001817226409912,"orthographic":false}