{"cameraMode":{"drawMode":0,"name":"Shaded","section":"Shading Mode"},"sceneLighting":false,"audioPlay":false,"sceneViewState":{"showFog":true,"showMaterialUpdate":false,"showSkybox":false,"showFlares":true,"showImageEffects":true,"showParticleSystems":true},"in2DMode":false,"pivot":{"x":0.3687063157558441,"y":0.7636311650276184,"z":-3.2130661010742189},"rotation":{"x":0.2577348053455353,"y":-0.047804929316043857,"z":0.012762745842337609,"w":0.9649688005447388},"size":4.395756721496582,"orthographic":false}