{"cameraMode":{"drawMode":0,"name":"Shaded","section":"Shading Mode"},"sceneLighting":false,"audioPlay":false,"sceneViewState":{"showFog":true,"showMaterialUpdate":false,"showSkybox":true,"showFlares":true,"showImageEffects":true,"showParticleSystems":true},"in2DMode":false,"pivot":{"x":-34.62614440917969,"y":-89.84247589111328,"z":-20.8756046295166},"rotation":{"x":0.18812285363674165,"y":-0.8095425963401794,"z":0.4261096715927124,"w":0.35745954513549807},"size":67.44888305664063,"orthographic":false}